{
  "q_learning": {
    "successRate": {
      "mean": 0.9899999999999999,
      "std": 0.008164965809277268
    },
    "avgSteps": {
      "mean": 41.04333333333334,
      "std": 1.1848581724784142
    },
    "collisions": {
      "mean": 0.11666666666666665,
      "std": 0.01247219128924647
    },
    "energy": {
      "mean": 41.04333333333334,
      "std": 1.1848581724784142
    }
  },
  "sarsa": {
    "successRate": {
      "mean": 0.9966666666666667,
      "std": 0.004714045207910321
    },
    "avgSteps": {
      "mean": 40.949999999999996,
      "std": 1.5353392676104722
    },
    "collisions": {
      "mean": 0.08333333333333333,
      "std": 0.0262466929133727
    },
    "energy": {
      "mean": 40.949999999999996,
      "std": 1.5353392676104722
    }
  },
  "expected_sarsa": {
    "successRate": {
      "mean": 0.9899999999999999,
      "std": 0.008164965809277268
    },
    "avgSteps": {
      "mean": 40.64333333333334,
      "std": 0.967620219346871
    },
    "collisions": {
      "mean": 0.09666666666666668,
      "std": 0.040276819911981905
    },
    "energy": {
      "mean": 40.64333333333334,
      "std": 0.967620219346871
    }
  }
}